{"cameraMode":{"drawMode":0,"name":"Shaded","section":"Shading Mode"},"sceneLighting":true,"audioPlay":false,"sceneViewState":{"showFog":true,"showMaterialUpdate":false,"showSkybox":true,"showFlares":true,"showImageEffects":true,"showParticleSystems":true},"in2DMode":false,"pivot":{"x":-1.1112020015716553,"y":0.5647664070129395,"z":1.299506664276123},"rotation":{"x":0.2858692705631256,"y":-0.2735682427883148,"z":0.08552582561969757,"w":0.9143984913825989},"size":10.804244995117188,"orthographic":false}