{"cameraMode":{"drawMode":0,"name":"Shaded","section":"Shading Mode"},"sceneLighting":true,"audioPlay":false,"sceneViewState":{"showFog":true,"showMaterialUpdate":false,"showSkybox":true,"showFlares":true,"showImageEffects":true,"showParticleSystems":true},"in2DMode":false,"pivot":{"x":-0.3316131830215454,"y":1.585293173789978,"z":0.7451516389846802},"rotation":{"x":0.24823318421840669,"y":-0.24492938816547395,"z":0.06502678245306015,"w":0.9349660277366638},"size":2.7264177799224855,"orthographic":false}