{"cameraMode":{"drawMode":0,"name":"Shaded","section":"Shading Mode"},"sceneLighting":false,"audioPlay":false,"sceneViewState":{"showFog":true,"showMaterialUpdate":false,"showSkybox":true,"showFlares":true,"showImageEffects":true,"showParticleSystems":true},"in2DMode":false,"pivot":{"x":3.2330565452575685,"y":0.550000011920929,"z":3.7797279357910158},"rotation":{"x":0.3790853023529053,"y":-0.5769663453102112,"z":0.343510240316391,"w":0.6367142200469971},"size":5.576801300048828,"orthographic":false}