{"cameraMode":{"drawMode":0,"name":"Shaded","section":"Shading Mode"},"sceneLighting":true,"audioPlay":false,"sceneViewState":{"showFog":true,"showMaterialUpdate":false,"showSkybox":true,"showFlares":true,"showImageEffects":true,"showParticleSystems":true},"in2DMode":false,"pivot":{"x":428.92205810546877,"y":163.79287719726563,"z":140.19012451171876},"rotation":{"x":0.09884582459926605,"y":-0.008665463887155056,"z":0.000859023246448487,"w":0.9950646758079529},"size":867.2432861328125,"orthographic":false}