{"cameraMode":{"drawMode":0,"name":"Shaded","section":"Shading Mode"},"sceneLighting":true,"audioPlay":false,"sceneViewState":{"showFog":true,"showMaterialUpdate":false,"showSkybox":true,"showFlares":true,"showImageEffects":true,"showParticleSystems":true},"in2DMode":false,"pivot":{"x":-1.1212918758392335,"y":1.3074500560760499,"z":1.1836782693862916},"rotation":{"x":0.3902563750743866,"y":-0.3719542622566223,"z":0.1762494146823883,"w":0.8235812783241272},"size":2.551652669906616,"orthographic":false}