{"cameraMode":{"drawMode":0,"name":"Shaded","section":"Shading Mode"},"sceneLighting":true,"audioPlay":false,"sceneViewState":{"showFog":true,"showMaterialUpdate":false,"showSkybox":true,"showFlares":true,"showImageEffects":true,"showParticleSystems":true},"in2DMode":false,"pivot":{"x":-0.17904743552207948,"y":1.3006174564361573,"z":4.852551460266113},"rotation":{"x":-0.10930187255144119,"y":0.003284683683887124,"z":-0.0003607073158491403,"w":-0.9940031170845032},"size":6.099266052246094,"orthographic":false}