{"cameraMode":{"drawMode":0,"name":"Shaded","section":"Shading Mode"},"sceneLighting":true,"audioPlay":false,"sceneViewState":{"showFog":true,"showMaterialUpdate":false,"showSkybox":true,"showFlares":true,"showImageEffects":true,"showParticleSystems":true},"in2DMode":false,"pivot":{"x":-49.42652130126953,"y":-18.724912643432618,"z":-3.0566420555114748},"rotation":{"x":-0.15372663736343385,"y":0.689803421497345,"z":-0.15354347229003907,"w":-0.6906257271766663},"size":62.854652404785159,"orthographic":false}