{"cameraMode":{"drawMode":0,"name":"Shaded","section":"Shading Mode"},"sceneLighting":false,"audioPlay":false,"sceneViewState":{"showFog":true,"showMaterialUpdate":false,"showSkybox":true,"showFlares":true,"showImageEffects":true,"showParticleSystems":true},"in2DMode":false,"pivot":{"x":-0.8067705631256104,"y":2.5148167610168459,"z":13.755498886108399},"rotation":{"x":0.20237058401107789,"y":-0.32178211212158205,"z":0.07060831785202027,"w":0.9222347140312195},"size":3.5036768913269045,"orthographic":false}