{"cameraMode":{"drawMode":0,"name":"Shaded","section":"Shading Mode"},"sceneLighting":true,"audioPlay":false,"sceneViewState":{"showFog":true,"showMaterialUpdate":false,"showSkybox":true,"showFlares":true,"showImageEffects":true,"showParticleSystems":true},"in2DMode":false,"pivot":{"x":-3.6020607948303224,"y":-3.355463981628418,"z":2.216888427734375},"rotation":{"x":-0.4358917772769928,"y":0.4331788420677185,"z":-0.2526513934135437,"w":-0.7473431825637817},"size":12.188386917114258,"orthographic":false}