{"cameraMode":{"drawMode":0,"name":"Shaded","section":"Shading Mode"},"sceneLighting":true,"audioPlay":false,"sceneViewState":{"showFog":true,"showMaterialUpdate":false,"showSkybox":true,"showFlares":true,"showImageEffects":true,"showParticleSystems":true},"in2DMode":false,"pivot":{"x":-1.0296218395233155,"y":1.718554973602295,"z":3.159166097640991},"rotation":{"x":0.09884582459926605,"y":-0.008665463887155056,"z":0.000859023246448487,"w":0.9950646758079529},"size":6.211048603057861,"orthographic":false}