{"cameraMode":{"drawMode":0,"name":"Shaded","section":"Shading Mode"},"sceneLighting":true,"audioPlay":false,"sceneViewState":{"showFog":true,"showMaterialUpdate":false,"showSkybox":true,"showFlares":true,"showImageEffects":true,"showParticleSystems":true},"in2DMode":false,"pivot":{"x":0.21535801887512208,"y":1.5949680805206299,"z":0.948049783706665},"rotation":{"x":-0.2929343581199646,"y":0.33221113681793215,"z":-0.10935783386230469,"w":-0.8898686170578003},"size":3.1477768421173097,"orthographic":false}