{"cameraMode":{"drawMode":0,"name":"Shaded","section":"Shading Mode"},"sceneLighting":true,"audioPlay":false,"sceneViewState":{"showFog":true,"showMaterialUpdate":false,"showSkybox":true,"showFlares":true,"showImageEffects":true,"showParticleSystems":true},"in2DMode":false,"pivot":{"x":-3.517063856124878,"y":-1.4012837409973145,"z":2.7155678272247316},"rotation":{"x":-0.2523806691169739,"y":0.4139646291732788,"z":-0.12060780078172684,"w":-0.8662512302398682},"size":10.468080520629883,"orthographic":false}