{"cameraMode":{"drawMode":0,"name":"Shaded","section":"Shading Mode"},"sceneLighting":true,"audioPlay":false,"sceneViewState":{"showFog":true,"showMaterialUpdate":false,"showSkybox":true,"showFlares":true,"showImageEffects":true,"showParticleSystems":true},"in2DMode":false,"pivot":{"x":-1.5025343894958497,"y":-1.4080228805541993,"z":0.24524831771850587},"rotation":{"x":-0.35662323236465456,"y":0.4078965187072754,"z":-0.17704229056835175,"w":-0.8216425180435181},"size":10.849590301513672,"orthographic":false}