{"cameraMode":{"drawMode":0,"name":"Shaded","section":"Shading Mode"},"sceneLighting":true,"audioPlay":false,"sceneViewState":{"showFog":true,"showMaterialUpdate":false,"showSkybox":true,"showFlares":true,"showImageEffects":true,"showParticleSystems":true},"in2DMode":false,"pivot":{"x":-0.6398261189460754,"y":1.0660133361816407,"z":4.797320365905762},"rotation":{"x":-0.10930187255144119,"y":0.003284683683887124,"z":-0.0003607073158491403,"w":-0.9940031170845032},"size":5.199265480041504,"orthographic":false}