{"cameraMode":{"drawMode":0,"name":"Shaded","section":"Shading Mode"},"sceneLighting":true,"audioPlay":false,"sceneViewState":{"showFog":true,"showMaterialUpdate":false,"showSkybox":true,"showFlares":true,"showImageEffects":true,"showParticleSystems":true},"in2DMode":false,"pivot":{"x":-1.001258134841919,"y":1.2838983535766602,"z":0.3684138059616089},"rotation":{"x":-0.24073632061481477,"y":0.4509451985359192,"z":-0.12772496044635774,"w":-0.8499298691749573},"size":4.8191704750061039,"orthographic":false}