{"cameraMode":{"drawMode":0,"name":"Shaded","section":"Shading Mode"},"sceneLighting":true,"audioPlay":false,"sceneViewState":{"showFog":true,"showMaterialUpdate":false,"showSkybox":true,"showFlares":true,"showImageEffects":true,"showParticleSystems":true},"in2DMode":false,"pivot":{"x":-2.7322158813476564,"y":-0.49643516540527346,"z":2.078738212585449},"rotation":{"x":0.2626817524433136,"y":-0.60904860496521,"z":0.22405415773391725,"w":0.7140433192253113},"size":9.888910293579102,"orthographic":false}